{
    "all_seats": [
        "Hall 1 | A2",
        "Hall 1 | A4"
    ],
    "data": {
        "Hall 1 | A2": 1741514708.742607,
        "Hall 1 | A4": 1741514755.728241
    }
}